<dune_plugin>
    <name>portalru</name>
    <caption>PortalRu</caption>
    <entry_points>
        <entry_point>
            <parent_media_url>root://tv</parent_media_url>
            <media_url>tv_group_list</media_url>
            <caption>PortalRu</caption>
            <icon_url>plugin_file://icons/portalru.aai</icon_url>
            <actions>
                <key_enter>
                    <type>plugin_handle_user_input</type>
                    <params>
                        <handler_id>entry</handler_id>
                        <entry_id>tv</entry_id>
                    </params>
                </key_enter>
                <key_play>
                    <type>plugin_tv_play</type>
                </key_play>
            </actions>
            <ip_address_required>yes</ip_address_required>
            <show_cookie_name>show_tv</show_cookie_name>
            <show_by_default>yes</show_by_default>
        </entry_point>
        <entry_point>
            <parent_media_url>setup://applications</parent_media_url>
            <media_url>setup</media_url>
            <caption>Setup PortalRu</caption>
            <icon_url>plugin_file://icons/portalru.aai</icon_url>
            <actions>
                <key_enter>
                    <type>plugin_handle_user_input</type>
                    <params>
                        <handler_id>entry</handler_id>
                        <entry_id>setup</entry_id>
                    </params>
                </key_enter>
            </actions>
        </entry_point>
    </entry_points>
    <type>php</type>
    <auto_resume>
        <enable>yes</enable>
    </auto_resume>
    <params>
        <program>Dunehd.php</program>
    </params>
    <version_index>120</version_index>
    <version>20160415</version>
    <check_update>
        <schema>1</schema>
        <url>http://update.techno4uk2lo.xyz/update/dunehd/update_portalru.txt</url>
        <timeout>0</timeout>
    </check_update>
</dune_plugin>
